{
    "__comment": "Made with TheDestruc7i0n's advancements generator: https://advancements.thedestruc7i0n.ca",
    "display": {
        "title": {
            "text": "Hello. Currently I'm not available. Please leave a message after the beep."
        },
        "description": {
            "text": "Be afk for at least 5 minutes"
        },
        "icon": {
            "item": "minecraft:blue_bed"
        },
        "frame": "task",
        "show_toast": true,
        "announce_to_chat": true,
        "hidden": false
    },
    "criteria": {
        "AFK": {
            "trigger": "minecraft:impossible"
        }
    },
    "parent": "tbdsmp:root"
}