{
    "__comment": "Made with TheDestruc7i0n's advancements generator: https://advancements.thedestruc7i0n.ca",
    "display": {
        "title": {
            "text": "Beeeeep"
        },
        "description": {
            "text": "Play a noteblock"
        },
        "icon": {
            "item": "minecraft:note_block"
        },
        "frame": "task",
        "show_toast": true,
        "announce_to_chat": true,
        "hidden": false
    },
    "criteria": {
        "beep": {
            "trigger": "minecraft:impossible"
        }
    },
    "parent": "tbdsmp:afk"
}