{
    "__comment": "Made with TheDestruc7i0n's advancements generator: https://advancements.thedestruc7i0n.ca",
    "display": {
        "title": {
            "text": "It was Alyssa"
        },
        "description": {
            "text": "Making drugs is a crime... Alyssa...."
        },
        "icon": {
            "item": "minecraft:potion"
        },
        "frame": "task",
        "show_toast": true,
        "announce_to_chat": true,
        "hidden": true
    },
    "criteria": {
        "Drugs": {
            "trigger": "minecraft:brewed_potion",
            "conditions": {
                "potion": "minecraft:swiftness"
            }
        }
    },
    "parent": "tbdsmp:root"
}