{
    "__comment": "Made with TheDestruc7i0n's advancements generator: https://advancements.thedestruc7i0n.ca",
    "display": {
        "title": {
            "text": "Squished like a bug"
        },
        "description": {
            "text": "Die by falling anvil"
        },
        "icon": {
            "item": "minecraft:chipped_anvil"
        },
        "frame": "task",
        "show_toast": true,
        "announce_to_chat": true,
        "hidden": false
    },
    "criteria": {
        "AnvilDeath": {
            "trigger": "minecraft:entity_killed_player"
        }
    },
    "parent": "tbdsmp:anvil"
}