{
    "__comment": "Made with TheDestruc7i0n's advancements generator: https://advancements.thedestruc7i0n.ca",
    "display": {
        "title": {
            "text": "Hard Headed"
        },
        "description": {
            "text": "Survive an anvil falling from a great height"
        },
        "icon": {
            "item": "minecraft:damaged_anvil"
        },
        "frame": "task",
        "show_toast": true,
        "announce_to_chat": true,
        "hidden": false
    },
    "criteria": {
        "HardHeaded": {
            "trigger": "minecraft:impossible"
        }
    },
    "parent": "tbdsmp:anvildeath"
}