{
    "__comment": "Made with TheDestruc7i0n's advancements generator: https://advancements.thedestruc7i0n.ca",
    "display": {
        "title": {
            "text": "Big Ben"
        },
        "description": {
            "text": "Get an Elder Guardian into an End City, and kill it"
        },
        "icon": {
            "item": "minecraft:wet_sponge"
        },
        "frame": "task",
        "show_toast": true,
        "announce_to_chat": true,
        "hidden": false
    },
    "criteria": {
        "BigBen": {
            "trigger": "minecraft:player_killed_entity",
            "conditions": {
                "entity": {
                    "type": "minecraft:elder_guardian",
                    "location": {
                        "dimension": "the_end",
                        "feature": "endcity"
                    }
                }
            }
        }
    },
    "parent": "tbdsmp:root"
}