{
    "__comment": "Made with TheDestruc7i0n's advancements generator: https://advancements.thedestruc7i0n.ca",
    "display": {
        "title": {
            "text": "Critically Endangered "
        },
        "description": {
            "text": "Congratulations you absolute monster! You've murdered an innocent axolotl! "
        },
        "icon": {
            "item": "minecraft:bucket"
        },
        "frame": "task",
        "show_toast": true,
        "announce_to_chat": true,
        "hidden": false
    },
    "criteria": {
        "Monster": {
            "trigger": "minecraft:player_killed_entity"
        }
    },
    "parent": "tbdsmp:root"
}