{
    "__comment": "Made with TheDestruc7i0n's advancements generator: https://advancements.thedestruc7i0n.ca",
    "display": {
        "title": {
            "text": "1 in 7.5 trillion odds"
        },
        "description": {
            "text": "Be extremely \"lucky\""
        },
        "icon": {
            "item": "minecraft:squid_spawn_egg"
        },
        "frame": "task",
        "show_toast": true,
        "announce_to_chat": true,
        "hidden": false
    },
    "criteria": {
        "luck": {
            "trigger": "minecraft:effects_changed"
        }
    },
    "parent": "tbdsmp:dudududu"
}