{
    "__comment": "Made with TheDestruc7i0n's advancements generator: https://advancements.thedestruc7i0n.ca",
    "display": {
        "title": {
            "text": "Du du du du"
        },
        "description": {
            "text": "Enter the end portal within the 1st minute of respawning"
        },
        "icon": {
            "item": "minecraft:end_stone"
        },
        "frame": "task",
        "show_toast": true,
        "announce_to_chat": true,
        "hidden": false
    },
    "criteria": {
        "Dudududu": {
            "trigger": "minecraft:impossible"
        }
    },
    "parent": "tbdsmp:root"
}