{
    "__comment": "Made with TheDestruc7i0n's advancements generator: https://advancements.thedestruc7i0n.ca",
    "display": {
        "title": {
            "text": "Japannah Lives!"
        },
        "description": {
            "text": "Place a grass block in a desert."
        },
        "icon": {
            "item": "minecraft:grass_block"
        },
        "frame": "task",
        "show_toast": true,
        "announce_to_chat": true,
        "hidden": false
    },
    "criteria": {
        "Jlives": {
            "trigger": "minecraft:placed_block",
            "conditions": {
                "block": "minecraft:grass_block",
                "location": {
                    "biome": "minecraft:desert"
                }
            }
        }
    },
    "parent": "tbdsmp:japannah"
}