{
    "__comment": "Made with TheDestruc7i0n's advancements generator: https://advancements.thedestruc7i0n.ca",
    "display": {
        "title": {
            "text": "Is this Japannah?"
        },
        "description": {
            "text": "Enter a savannah biome"
        },
        "icon": {
            "item": "minecraft:acacia_door"
        },
        "frame": "task",
        "show_toast": true,
        "announce_to_chat": true,
        "hidden": false
    },
    "criteria": {
        "Japannah": {
            "trigger": "minecraft:location",
            "conditions": {
                "biome": "minecraft:savanna"
            }
        }
    },
    "parent": "tbdsmp:root"
}