{
    "__comment": "Made with TheDestruc7i0n's advancements generator: https://advancements.thedestruc7i0n.ca",
    "display": {
        "title": {
            "text": "Stop"
        },
        "description": {
            "text": "Mine 10,000"
        },
        "icon": {
            "item": "minecraft:obsidian"
        },
        "frame": "challenge",
        "show_toast": true,
        "announce_to_chat": true,
        "hidden": false
    },
    "criteria": {
        "Obby3": {
            "trigger": "minecraft:impossible"
        }
    },
    "parent": "tbdsmp:obby1.000"
}