{
    "__comment": "Made with TheDestruc7i0n's advancements generator: https://advancements.thedestruc7i0n.ca",
    "display": {
        "title": {
            "text": "What the actual heck I will personally hunt you down this is not ok "
        },
        "description": {
            "text": "Mine 1,000,000 Obsidian"
        },
        "icon": {
            "item": "minecraft:crying_obsidian"
        },
        "frame": "challenge",
        "show_toast": true,
        "announce_to_chat": true,
        "hidden": true
    },
    "criteria": {
        "Obby5": {
            "trigger": "minecraft:impossible"
        }
    },
    "parent": "tbdsmp:obby100.000"
}