{
    "__comment": "Made with TheDestruc7i0n's advancements generator: https://advancements.thedestruc7i0n.ca",
    "display": {
        "title": {
            "text": "Bro! Hello? Is everything alright in your brain?"
        },
        "description": {
            "text": "Mine 100,000 Obsidian"
        },
        "icon": {
            "item": "minecraft:crying_obsidian"
        },
        "frame": "challenge",
        "show_toast": true,
        "announce_to_chat": true,
        "hidden": true
    },
    "criteria": {
        "Obby4": {
            "trigger": "minecraft:impossible"
        }
    },
    "parent": "tbdsmp:obby10.000"
}