{
    "__comment": "Made with TheDestruc7i0n's advancements generator: https://advancements.thedestruc7i0n.ca",
    "display": {
        "title": {
            "text": "Oh no not again"
        },
        "description": {
            "text": "Mine 100 Obsidian"
        },
        "icon": {
            "item": "minecraft:obsidian"
        },
        "frame": "task",
        "show_toast": true,
        "announce_to_chat": true,
        "hidden": false
    },
    "criteria": {
        "Obby": {
            "trigger": "minecraft:impossible"
        }
    },
    "parent": "tbdsmp:root"
}