{
    "__comment": "Made with TheDestruc7i0n's advancements generator: https://advancements.thedestruc7i0n.ca",
    "display": {
        "title": {
            "text": "Maniac"
        },
        "description": {
            "text": "Mine 1,000 Obsidian"
        },
        "icon": {
            "item": "minecraft:obsidian"
        },
        "frame": "task",
        "show_toast": true,
        "announce_to_chat": true,
        "hidden": false
    },
    "criteria": {
        "Obby2": {
            "trigger": "minecraft:impossible"
        }
    },
    "parent": "tbdsmp:obby100"
}