{
    "__comment": "Made with TheDestruc7i0n's advancements generator: https://advancements.thedestruc7i0n.ca",
    "display": {
        "title": {
            "text": "Oh well... here we go again!"
        },
        "description": {
            "text": "Be online for at least 10 seconds"
        },
        "icon": {
            "item": "minecraft:grass_block"
        },
        "frame": "task",
        "show_toast": true,
        "announce_to_chat": true,
        "hidden": false
    },
    "criteria": {
        "Again": {
            "trigger": "minecraft:impossible"
        }
    },
    "parent": "tbdsmp:root"
}