{
    "__comment": "Made with TheDestruc7i0n's advancements generator: https://advancements.thedestruc7i0n.ca",
    "display": {
        "title": {
            "text": "Pug Army"
        },
        "description": {
            "text": "Now you're the True Pug Protector"
        },
        "icon": {
            "item": "minecraft:bone"
        },
        "frame": "task",
        "show_toast": true,
        "announce_to_chat": true,
        "hidden": true
    },
    "criteria": {
        "PugProtector": {
            "trigger": "minecraft:impossible"
        }
    },
    "parent": "tbdsmp:root"
}