{
    "__comment": "Made with TheDestruc7i0n's advancements generator: https://advancements.thedestruc7i0n.ca",
    "display": {
        "title": {
            "text": "Blessed Suffering"
        },
        "description": {
            "text": "Was it worth the pain?"
        },
        "icon": {
            "item": "minecraft:red_tulip"
        },
        "frame": "task",
        "show_toast": true,
        "announce_to_chat": true,
        "hidden": true
    },
    "criteria": {
        "Shards": {
            "trigger": "minecraft:impossible"
        }
    },
    "parent": "tbdsmp:totem10.000"
}