{
    "__comment": "Made with TheDestruc7i0n's advancements generator: https://advancements.thedestruc7i0n.ca",
    "display": {
        "title": {
            "text": "Life could be a dream"
        },
        "description": {
            "text": "Swim in a coral reef"
        },
        "icon": {
            "item": "minecraft:horn_coral"
        },
        "frame": "task",
        "show_toast": true,
        "announce_to_chat": true,
        "hidden": false
    },
    "criteria": {
        "LifeDream": {
            "trigger": "minecraft:location",
            "conditions": {
                "biome": "minecraft:warm_ocean",
                "dimension": "overworld",
                "smokey": false
            }
        }
    },
    "parent": "tbdsmp:trolling"
}