{

    "__comment": "Made with TheDestruc7i0n's advancements generator: https://advancements.thedestruc7i0n.ca",

    "display": {

        "title": {

            "text": "We do a little trolling"

        },

        "description": {

            "text": "Kappa"

        },

        "icon": {

            "item": "minecraft:potion"

        },

        "frame": "task",

        "show_toast": true,

        "announce_to_chat": false,

        "hidden": false

    },

    "criteria": {

        "trollingshort": {

            "trigger": "minecraft:brewed_potion",

            "conditions": {

                "potion": "minecraft:invisibility"

            }

        }

    }

}
