{
    "__comment": "Made with TheDestruc7i0n's advancements generator: https://advancements.thedestruc7i0n.ca",
    "display": {
        "title": {
            "text": "Journey to Eternity"
        },
        "description": {
            "text": "Reach a height of -500 blocks before you die"
        },
        "icon": {
            "item": "minecraft:black_concrete"
        },
        "frame": "task",
        "show_toast": true,
        "announce_to_chat": true,
        "hidden": false
    },
    "criteria": {
        "Eternity": {
            "trigger": "minecraft:location",
            "conditions": {
                "position": {
                    "y": {
                        "min": -500,
                        "max": -500
                    }
                }
            }
        }
    },
    "parent": "tbdsmp:root"
}