{
    "__comment": "Made with TheDestruc7i0n's advancements generator: https://advancements.thedestruc7i0n.ca",
    "display": {
        "title": {
            "text": "This Is SPARTA!!!!"
        },
        "description": {
            "text": "This is madness"
        },
        "icon": {
            "item": "minecraft:golden_sword"
        },
        "frame": "task",
        "show_toast": true,
        "announce_to_chat": true,
        "hidden": true
    },
    "criteria": {
        "Sparta": {
            "trigger": "minecraft:impossible"
        }
    },
    "parent": "tbdsmp:void"
}