{
    "__comment": "Made with TheDestruc7i0n's advancements generator: https://advancements.thedestruc7i0n.ca",
    "display": {
        "title": {
            "text": "War and Peace"
        },
        "description": {
            "text": "Kill a player while holding a flower"
        },
        "icon": {
            "item": "minecraft:poppy"
        },
        "frame": "task",
        "show_toast": true,
        "announce_to_chat": true,
        "hidden": false
    },
    "criteria": {
        "WarPeace": {
            "trigger": "minecraft:player_killed_entity",
            "conditions": {
                "entity": {
                    "type": "minecraft:player"
                },
                "killing_blow": {
                    "direct_entity": {
                        "type": "minecraft:player",
                        "equipment": {
                            "mainhand": {
                                "item": "minecraft:poppy"
                            }
                        }
                    },
                    "source_entity": {
                        "type": "minecraft:player",
                        "equipment": {
                            "mainhand": {
                                "item": "minecraft:poppy"
                            }
                        }
                    }
                }
            }
        }
    },
    "parent": "tbdsmp:root"
}